question,options,correct_options,hint
Why was the Defence dimension elevated to 30% in the DIVE Industry Adapter calibration for Beyond Horizon Healing?,"Regulatory non-compliance in the Australian health sector carries existential risks, where statutory fines or practice prohibition orders can immediately close a solo practice. | Solo complementary practitioners require massive advertising compliance budgets to compete against regional hospital networks. | The business operates strictly online, making cyber defense and customer data breach prevention the primary operational threat. | The practitioner must defend against physical liability risks associated with invasive clinical procedures.","Regulatory non-compliance in the Australian health sector carries existential risks, where statutory fines or practice prohibition orders can immediately close a solo practice.",Consider the regulatory landscape and statutory consequences for unregistered health care workers in Australia.
"Under the Therapeutic Goods Advertising Code 2021 (TGAC), which of the following conditions are considered 'restricted representations' that cannot be advertised without express approval from the TGA?",Cancer and heart conditions | Clinical depression and immune system diseases | Serious psychological conditions requiring diagnosis by a medical practitioner | Everyday tension and general stress management | Temporary muscle soreness after exercise,Cancer and heart conditions | Clinical depression and immune system diseases | Serious psychological conditions requiring diagnosis by a medical practitioner,Think about severe medical or mental conditions that legally require diagnosis and treatment by a registered medical professional.
"Why does displaying client reviews that claim complete relief from specific physical ailments (e.g., 'the pain was gone completely') pose a legal hazard under Australian Consumer Law and health advertising standards?","Subjective individual anecdotes do not constitute scientific proof and imply guaranteed therapeutic outcomes that the practitioner cannot assure. | Client testimonials are only permitted if they are authored by a registered medical doctor or academic researcher. | Regulatory bodies automatically fine health businesses that publish reviews containing more than fifty words. | Client testimonials are illegal on social media platforms, though permitted on primary business websites.",Subjective individual anecdotes do not constitute scientific proof and imply guaranteed therapeutic outcomes that the practitioner cannot assure.,Focus on how regulators evaluate subjective individual experiences versus scientific substantiation.
"Under Clause 17 of the Western Australian Code of Conduct for certain health care workers, an unregistered practitioner must display the Code of Conduct and provide clear details on how clients can lodge a complaint with ___ (HaDSCO).",,,Identify the Western Australian statutory oversight agency abbreviated as HaDSCO.
"What critical deficit was identified regarding how Jo Flynn's identity and qualifications are presented on the business's public properties, and why does this harm client conversion?",,,Distinguish between personal founder narrative and verifiable objective credentials.
How does contrasting alternative modalities against conventional medicine with statements like 'I wouldn't accept Western medicine's perspective' create operational and regulatory risk for a solo practitioner?,"It risks breaching statutory codes prohibiting health workers from dissuading clients from seeking medical treatment, while alienating general practitioner referral networks. | It forces the business to lower its service fees to compete directly with government-subsidized medical clinics. | It invalidates the business's professional indemnity insurance policies immediately upon publication. | It causes directory aggregator platforms like Fresha to remove the practice's booking profile automatically.","It risks breaching statutory codes prohibiting health workers from dissuading clients from seeking medical treatment, while alienating general practitioner referral networks.",Consider both statutory duties regarding client care advice and commercial relationships with allied health professionals.
Why is relying on aggregator directories like Fresha a strategic choice for Beyond Horizon Healing rather than investing heavily in broad organic SEO?,"Aggregator platforms already hold strong domain authority for high-intent local queries, perfectly matching the local catchment and capacity ceiling of a solo practitioner. | Organic SEO is illegal for alternative health services under Western Australian health regulations. | Search engines strictly filter out business websites that sell retail products alongside health services. | Fresha guarantees top-tier national rankings without requiring consistent Name, Address, and Phone (NAP) data.","Aggregator platforms already hold strong domain authority for high-intent local queries, perfectly matching the local catchment and capacity ceiling of a solo practitioner.",Reflect on the geographic scope and physical capacity constraints of a single-operator local practice.
What operational friction is introduced when a business omits service session fees on its main website while prominently displaying a $50 late cancellation fee?,"It increases cognitive load by forcing clients to search external platforms for costs, while establishing a negative, transactional first impression. | It breaches Australian Consumer Law mandatory fixed-price display rules for complementary wellness services. | It causes automated calendar tools to miscalculate appointment durations and double-book clients. | It prevents the business from listing or selling higher-priced retail goods like water filtration systems.","It increases cognitive load by forcing clients to search external platforms for costs, while establishing a negative, transactional first impression.",Think about user psychology during the pre-transaction discovery phase.
"In a relationship-heavy CAM practice, a broken primary contact pathway (such as a HTTP ___ error on the contact page) suppresses conversion because anxious prospective clients are deprived of a confidential, consultative touchpoint before booking.",,,Name the standard three-digit HTTP client error status code that indicates a web page cannot be found.
Which of the following statements explain the strategic commercial value of integrating zazen alkaline water systems into the Beyond Horizon Healing service model?,It introduces a high-ticket product offering that decouples business revenue from the practitioner's physical hourly capacity. | It logically aligns with core clinic modalities by addressing post-treatment hydration and cellular-level health. | It increases client lifetime value (LTV) through non-clinical transactions with minimal added practitioner labor. | It automatically waives the practitioner's mandatory requirement to comply with the WA HaDSCO Code of Conduct. | It allows the business to make direct medical claims about curing chronic diseases without TGA oversight.,It introduces a high-ticket product offering that decouples business revenue from the practitioner's physical hourly capacity. | It logically aligns with core clinic modalities by addressing post-treatment hydration and cellular-level health. | It increases client lifetime value (LTV) through non-clinical transactions with minimal added practitioner labor.,Look for answers that describe financial scaling beyond time-bound sessions and logical alignment with holistic treatment.
Which actions are identified in the audit's Priority Action Plan as immediate (0-7 days) defensive priorities for Jo Flynn?,Purging therapeutic claims and restricted representations from all digital properties | Removing or redacting client testimonials containing specific physiological outcomes | Repairing the broken contact page link to restore direct inquiry pathways | Unifying pricing transparency across all service descriptions and booking portals | Joining a national reflexology association to obtain a professional member badge,Purging therapeutic claims and restricted representations from all digital properties | Removing or redacting client testimonials containing specific physiological outcomes | Repairing the broken contact page link to restore direct inquiry pathways,Focus on the actions designated with a critical or high priority timeline of 0 to 7 days aimed at mitigating immediate regulatory and operational threats.
What statutory powers does the Health and Disability Services Complaints Office (HaDSCO) possess in Western Australia regarding non-compliant health care workers?,,,Consider the administrative and monetary sanctions HaDSCO can issue independently of client complaints.