front,back
Which Australian regulatory body governs the advertising of therapeutic goods and health services?,Therapeutic Goods Administration (TGA)
The Australian Competition and Consumer Commission (ACCC) enforces which primary piece of legislation?,Australian Consumer Law (ACL)
What is the name of the statutory body responsible for health service complaints in Western Australia?,Health and Disability Services Complaints Office (HaDSCO)
"In the DIVE audit for a Relationship-Heavy Local Practitioner, which dimension is given the highest weighting?",Identity ($35\%$)
Why is the 'Defence' dimension elevated to $30\%$ for Australian CAM practitioners?,Regulatory non-compliance represents an existential threat to solo practices.
"In the context of the TGA, what are 'restricted representations'?",References to serious diseases or conditions requiring diagnosis by a medical professional.
Name two specific diseases mentioned in the text that are considered restricted representations.,Cancer and clinical depression.
Section 18 of the Australian Consumer Law prohibits _____ and _____ conduct.,misleading; deceptive
"According to the audit, what is the 'primary directive' for Beyond Horizon Healing's business health?",Aggressive defensive remediation of public-facing language.
Why does the audit recommend against aggressive organic SEO for a solo practitioner?,Capacity-capped operators benefit more from local discoverability than global search dominance.
What type of client testimonial is strictly prohibited under the Therapeutic Goods Advertising Code 2021?,Outcome-based testimonials that make therapeutic claims.
How does the TGA view a practitioner who publishes a client's therapeutic claim?,"The practitioner is seen as adopting the claim as their own, making them liable."
"In Western Australia, when did the 'Code of conduct for certain health care workers' become legally binding?",July 2023
Which group of professionals does the WA 'Code of conduct for certain health care workers' explicitly include?,"Unregistered practitioners (e.g., reflexologists, Reiki healers, naturopaths)."
"Under Clause 17 of the WA Code of conduct, what must a practitioner prominently display in their clinic?",A copy of the Code of Conduct and information on making a complaint to HaDSCO.
What is the maximum penalty mentioned for failing to comply with a HaDSCO order?,"$\$30,000$"
What does the term 'Clinical Reflexologist' imply regarding a practitioner's education level?,"A rigorous, standardized physiological education, typically at a Diploma level."
"According to HaDSCO Clause 3, an unregistered worker must not attempt to _____ a client from seeking medical treatment.",dissuade
"Why is anti-allopathic language (e.g., 'rejecting Western medicine') considered a commercial risk?",It alienates B2B referral pathways such as GPs and physiotherapists.
What is a 'directory-first' visibility strategy for a local micro-business?,Prioritizing presence on aggregator platforms like Fresha or Google Maps over organic SEO.
"In business transparency, what does the 'NAP' acronym stand for?","Name, Address, Phone number."
How does hiding service pricing on a website impact a prospective client?,It introduces unnecessary cognitive load and increases the risk of drop-off.
What functional failure in the 'Experience' dimension was identified as a critical barrier to high-value leads?,A technically broken contact page.
"How does retail diversification (e.g., selling water filters) benefit a solo service practitioner?",It decouples revenue generation from limited physical labor hours.
What is the primary commercial benefit of introducing high-ticket retail to a clinical service model?,Increased client lifetime value (LTV).
Concept: Strict Liability Regime,Definition: A legal framework where a party is responsible for damage or loss regardless of intent or negligence.
"According to the Reflexology Association of Australia (RAoA), reflexology aids relaxation but is never promoted as a _____.",cure-all
What are the four dimensions of the DIVE Business Health Audit?,"Defence, Identity, Visibility, and Experience."
Why is the trust requirement for a solo CAM practitioner considered 'absolute'?,"The practitioner is not selling a commodity but a safe, trauma-informed environment."
What is the price range of the zazen alkaline water systems mentioned in the audit?,$\$565$ to $\$745$
Why should a CAM practitioner replace the word 'treats' with 'supports' in their marketing?,To avoid making illegal therapeutic claims under TGA and ACL regulations.
What does a 'Director-initiated investigation' by HaDSCO imply?,The office can launch an investigation without receiving a formal client complaint.
"In local visibility, what constitutes 'bottom-of-the-funnel' intent?",Users actively searching for immediate bookings via map packs and aggregator directories.
What is an 'Interim Prohibition Order' (IPO)?,A regulatory order shutting down a practice pending the outcome of an investigation.
A legally defensible testimonial for a health service should focus on _____ rather than pathology.,the process (or professional environment)
What is the specific geographic catchment area for Beyond Horizon Healing?,"Caversham, Swan Valley, and surrounding Perth suburbs."
Why is 'Experience' weighted lower ($20\%$) than 'Identity' ($35\%$) for a relationship-heavy practitioner?,Personal legitimacy is the primary engine of conversion in high-trust wellness services.
Identify the 'operational leanness' strategy used by the practitioner to manage appointments.,Leveraging third-party infrastructure (Fresha) for scheduling and CRM.
What is the primary risk of including a 'punitive cancellation fee' as the only visible price on a website?,"It establishes a negative, transactional first impression that undermines an empathetic brand identity."
How should retail products be 'passively' demonstrated in a clinical setting?,"By having the products (e.g., water systems) in active use during or after sessions."
The audit defines 'Identity' as a move from being an 'enthusiastic healer' to a _____.,qualified clinical professional
What is the recommended size for the HaDSCO Code of Conduct poster displayed in a waiting area?,A3
Which section of the Australian Consumer Law covers the prohibition of 'unsubstantiated claims'?,Section 29
What is the 'foundational narrative' of Beyond Horizon Healing based on?,"The founder's personal experience with grief, trauma, and alternative healing."
"According to scientific consensus, reflexology is effective for _____ but lacks evidence for curing cardiovascular conditions.",anxiety reduction (or stress management)
Why is a 'consultative touchpoint' critical for clients seeking trauma-informed care?,It allows them to assess bedside manner and ask clarifying questions before committing.
The DIVE audit suggests that solo practitioners should ignore marketing advice focused on _____.,complex automated sales funnels or high-volume social media output
What is the primary finding of the 'Defence' dimension for Beyond Horizon Healing?,Critical exposure to regulatory risk regarding unapproved therapeutic claims.
How many non-negotiable clauses are in the WA 'Code of conduct for certain health care workers'?,17
"In the priority action plan, what task is marked as the most immediate and critical?",Purging therapeutic claims from all digital properties.
What does a score of $56/100$ in the DIVE audit signify for this business?,"A business with functional strengths but severe, systemic vulnerabilities."
Which specific industry body's standards are cited as 'what good looks like' for reflexology advertising?,Reflexology Association of Australia (RAoA)
Why does the audit recommend listing formal graduation years and institution names on the 'About' page?,To provide objective proof of competence that a skeptical public can independently validate.
The audit describes the acquisition model as relying minimally on broad organic search and heavily on _____.,word-of-mouth referrals and localized map pack visibility
What is the intended outcome of repairing the website's contact page routing?,"Restoration of the primary pathway for high-value, consultative client inquiries."